Unnamed: 0,Units,# of Accelerators,Accelerator,Processor,Model MLC,Avg. Result at System Name,Host Processor Core Count,Number of Parameters (millions),Processor Clock Speed (GHz),GPU Speed Core Clock Speed,Memory Size(GB)
0,Samples/s,8,NVIDIA H100-PCIe-80GB,Intel(R) Xeon(R) Platinum 8480+,3d-unet-99,3.643097261458808,56,25.0,2.0,1.75,80
1,Samples/s,8,NVIDIA H100-PCIe-80GB,Intel(R) Xeon(R) Platinum 8480+,3d-unet-99,3.643097261458808,56,25.0,2.0,1.75,80
2,Samples/s,8,NVIDIA H100-PCIe-80GB,Intel(R) Xeon(R) Platinum 8480+,3d-unet-99.9,3.643097261458808,56,25.0,2.0,1.75,80
3,Samples/s,8,NVIDIA H100-PCIe-80GB,Intel(R) Xeon(R) Platinum 8480+,3d-unet-99.9,3.643097261458808,56,25.0,2.0,1.75,80
4,Samples/s,8,NVIDIA H100-PCIe-80GB,Intel(R) Xeon(R) Platinum 8480+,bert-99,6.001890196000807,56,110.0,2.0,1.75,80
5,Samples/s,8,NVIDIA H100-PCIe-80GB,Intel(R) Xeon(R) Platinum 8480+,bert-99.9,7.14152960033418,56,110.0,2.0,1.75,80
6,Samples/s,8,NVIDIA H100-PCIe-80GB,Intel(R) Xeon(R) Platinum 8480+,dlrm-v2-99,8.258576369869171,56,10000.0,2.0,1.75,80
7,Samples/s,8,NVIDIA H100-PCIe-80GB,Intel(R) Xeon(R) Platinum 8480+,dlrm-v2-99.9,8.917925404416827,56,10000.0,2.0,1.75,80
8,Samples/s,8,NVIDIA H100-PCIe-80GB,Intel(R) Xeon(R) Platinum 8480+,resnet,9.502203228687224,56,25.0,2.0,1.75,80
9,Samples/s,8,NVIDIA H100-PCIe-80GB,Intel(R) Xeon(R) Platinum 8480+,retinanet,9.456479296145115,56,40.0,2.0,1.75,80
10,Samples/s,8,NVIDIA H100-PCIe-80GB,Intel(R) Xeon(R) Platinum 8480+,rnnt,9.709443906739576,56,50.0,2.0,1.75,80
11,Samples/s,8,NVIDIA H100-PCIe-80GB,Intel(R) Xeon(R) Platinum 8480+,stable-diffusion-xl,8.965505706194467,56,2600.0,2.0,1.75,80
12,Samples/s,8,NVIDIA L40S,Intel(R) Xeon(R) Gold 6442Y,3d-unet-99,8.948081583062184,24,25.0,2.6,1.11,48
13,Samples/s,8,NVIDIA L40S,Intel(R) Xeon(R) Gold 6442Y,3d-unet-99.9,8.9306574599299,24,25.0,2.6,1.11,48
14,Samples/s,8,NVIDIA L40S,Intel(R) Xeon(R) Gold 6442Y,bert-99,8.875596119867957,24,110.0,2.6,1.11,48
15,Samples/s,8,NVIDIA L40S,Intel(R) Xeon(R) Gold 6442Y,bert-99.9,8.772143062696674,24,110.0,2.6,1.11,48
16,Samples/s,8,NVIDIA L40S,Intel(R) Xeon(R) Gold 6442Y,dlrm-v2-99,8.718562618667772,24,10000.0,2.6,1.11,48
17,Samples/s,8,NVIDIA L40S,Intel(R) Xeon(R) Gold 6442Y,dlrm-v2-99.9,8.650065952573168,24,10000.0,2.6,1.11,48
18,Samples/s,8,NVIDIA L40S,Intel(R) Xeon(R) Gold 6442Y,gptj-99,7.809835945743147,24,6000.0,2.6,1.11,48
19,Samples/s,8,NVIDIA L40S,Intel(R) Xeon(R) Gold 6442Y,gptj-99.9,7.356069730726629,24,6000.0,2.6,1.11,48
20,Samples/s,8,NVIDIA L40S,Intel(R) Xeon(R) Gold 6442Y,resnet,7.464701483882095,24,25.0,2.6,1.11,48
21,Samples/s,8,NVIDIA L40S,Intel(R) Xeon(R) Gold 6442Y,retinanet,8.11413295920856,24,40.0,2.6,1.11,48
22,Samples/s,8,NVIDIA L40S,Intel(R) Xeon(R) Gold 6442Y,rnnt,8.909965593622413,24,50.0,2.6,1.11,48
23,Samples/s,8,NVIDIA L40S,Intel(R) Xeon(R) Gold 6442Y,stable-diffusion-xl,8.742920391803489,24,2600.0,2.6,1.11,48
24,Samples/s,8,NVIDIA L4,Intel(R) Xeon(R) Gold 6442Y,bert-99,8.61960750285949,24,110.0,2.6,0.795,24
25,Samples/s,8,NVIDIA L4,Intel(R) Xeon(R) Gold 6442Y,bert-99.9,8.522482401139312,24,110.0,2.6,0.795,24
26,Samples/s,2,NVIDIA H100 NVL,AMD EPYC 9V84 96-Core Processor,3d-unet-99,7.547098098962463,80,25.0,2.0,1.98,94
27,Samples/s,2,NVIDIA H100 NVL,AMD EPYC 9V84 96-Core Processor,3d-unet-99.9,6.637839305936725,80,25.0,2.0,1.98,94
28,Samples/s,2,NVIDIA H100 NVL,AMD EPYC 9V84 96-Core Processor,gptj-99,6.556965954897686,80,6000.0,2.0,1.98,94
29,Samples/s,4,Qualcomm Cloud AI 100 Pro,Intel(R) Xeon(R) Silver 4314 CPU @ 2.40GHz,bert-99,6.902661354533632,16,110.0,2.4,2.0,32
30,Samples/s,2,NVIDIA GeForce RTX 4090,Intel(R) Xeon(R) w7-2495X,3d-unet-99,5.843067710794,24,25.0,2.5,2.235,24
31,Samples/s,2,NVIDIA GeForce RTX 4090,Intel(R) Xeon(R) w7-2495X,3d-unet-99.9,5.188984233904046,24,25.0,2.5,2.235,24
32,Samples/s,2,NVIDIA GeForce RTX 4090,Intel(R) Xeon(R) w7-2495X,bert-99,4.9476143249113775,24,110.0,2.5,2.235,24
33,Samples/s,2,NVIDIA GeForce RTX 4090,Intel(R) Xeon(R) w7-2495X,bert-99.9,5.5770428221616895,24,110.0,2.5,2.235,24
34,Samples/s,2,NVIDIA GeForce RTX 4090,Intel(R) Xeon(R) w7-2495X,gptj-99,4.916294728633414,24,6000.0,2.5,2.235,24
35,Samples/s,2,NVIDIA GeForce RTX 4090,Intel(R) Xeon(R) w7-2495X,gptj-99.9,4.293750808585489,24,6000.0,2.5,2.235,24
36,Samples/s,2,NVIDIA GeForce RTX 4090,Intel(R) Xeon(R) w7-2495X,resnet,5.189829496570411,24,25.0,2.5,2.235,24
37,Samples/s,2,NVIDIA GeForce RTX 4090,Intel(R) Xeon(R) w7-2495X,retinanet,5.691127599126832,24,40.0,2.5,2.235,24
38,Samples/s,2,NVIDIA GeForce RTX 4090,Intel(R) Xeon(R) w7-2495X,rnnt,6.343289344150124,24,50.0,2.5,2.235,24
39,Samples/s,8,Qualcomm Cloud AI 100 Standard,Intel(R) Xeon(R) Platinum 8259CL CPU @ 2.50GHz,resnet,6.731625846102074,24,25.0,2.5,2.0,16
40,Samples/s,8,Qualcomm Cloud AI 100 Standard,Intel(R) Xeon(R) Platinum 8259CL CPU @ 2.50GHz,retinanet,7.291470446975396,24,40.0,2.5,2.0,16
41,Samples/s,4,NVIDIA A100-PCIe-80GB,Intel(R) Xeon(R) Gold 6338 CPU @ 2.00GHz,3d-unet-99,7.34098229643146,64,25.0,2.0,1.065,80
42,Samples/s,4,NVIDIA A100-PCIe-80GB,Intel(R) Xeon(R) Gold 6338 CPU @ 2.00GHz,3d-unet-99.9,6.711500006018101,64,25.0,2.0,1.065,80
43,Samples/s,4,NVIDIA A100-PCIe-80GB,Intel(R) Xeon(R) Gold 6338 CPU @ 2.00GHz,bert-99,6.846935070388405,64,110.0,2.0,1.065,80
44,Samples/s,4,NVIDIA A100-PCIe-80GB,Intel(R) Xeon(R) Gold 6338 CPU @ 2.00GHz,bert-99.9,7.491946384126538,64,110.0,2.0,1.065,80
45,Samples/s,4,NVIDIA A100-PCIe-80GB,Intel(R) Xeon(R) Gold 6338 CPU @ 2.00GHz,resnet,8.455949159274404,64,25.0,2.0,1.065,80
46,Samples/s,4,NVIDIA A100-PCIe-80GB,Intel(R) Xeon(R) Gold 6338 CPU @ 2.00GHz,retinanet,8.11506575300151,64,40.0,2.0,1.065,80
47,Samples/s,4,NVIDIA A100-PCIe-80GB,Intel(R) Xeon(R) Gold 6338 CPU @ 2.00GHz,rnnt,8.459818648789781,64,50.0,2.0,1.065,80
48,Samples/s,2,NVIDIA L40S,Intel(R) Xeon(R) Platinum 8580,3d-unet-99,7.645561988199395,120,25.0,2.0,1.11,48
49,Samples/s,2,NVIDIA L40S,Intel(R) Xeon(R) Platinum 8580,3d-unet-99.9,6.669243868787793,120,25.0,2.0,1.11,48
50,Samples/s,2,NVIDIA L40S,Intel(R) Xeon(R) Platinum 8580,bert-99,6.766592702451328,120,110.0,2.0,1.11,48
51,Samples/s,2,NVIDIA L40S,Intel(R) Xeon(R) Platinum 8580,bert-99.9,7.31102589715727,120,110.0,2.0,1.11,48
52,Samples/s,2,NVIDIA L40S,Intel(R) Xeon(R) Platinum 8580,resnet,8.180347312992561,120,25.0,2.0,1.11,48
53,Samples/s,2,NVIDIA L40S,Intel(R) Xeon(R) Platinum 8580,retinanet,7.976068827380456,120,40.0,2.0,1.11,48
54,Samples/s,2,NVIDIA L40S,Intel(R) Xeon(R) Platinum 8580,rnnt,8.10189893049187,120,50.0,2.0,1.11,48
55,Samples/s,4,NVIDIA L40S,Intel(R) Xeon(R) Gold 6338 CPU @ 2.00GHz,3d-unet-99,7.185853463370194,64,25.0,2.0,1.11,48
56,Samples/s,4,NVIDIA L40S,Intel(R) Xeon(R) Gold 6338 CPU @ 2.00GHz,3d-unet-99.9,6.667826593483238,64,25.0,2.0,1.11,48
57,Samples/s,4,NVIDIA L40S,Intel(R) Xeon(R) Gold 6338 CPU @ 2.00GHz,bert-99,6.529398442595953,64,110.0,2.0,1.11,48
58,Samples/s,4,NVIDIA L40S,Intel(R) Xeon(R) Gold 6338 CPU @ 2.00GHz,bert-99.9,7.201498472550218,64,110.0,2.0,1.11,48
59,Samples/s,4,NVIDIA L40S,Intel(R) Xeon(R) Gold 6338 CPU @ 2.00GHz,gptj-99,7.377970774783414,64,6000.0,2.0,1.11,48
60,Samples/s,4,NVIDIA L40S,Intel(R) Xeon(R) Gold 6338 CPU @ 2.00GHz,gptj-99.9,6.892484197909202,64,6000.0,2.0,1.11,48
61,Samples/s,4,NVIDIA L40S,Intel(R) Xeon(R) Gold 6338 CPU @ 2.00GHz,resnet,7.28386503916443,64,25.0,2.0,1.11,48
62,Samples/s,4,NVIDIA L40S,Intel(R) Xeon(R) Gold 6338 CPU @ 2.00GHz,retinanet,6.949698482393475,64,40.0,2.0,1.11,48
63,Samples/s,4,NVIDIA L40S,Intel(R) Xeon(R) Gold 6338 CPU @ 2.00GHz,rnnt,7.281401529657998,64,50.0,2.0,1.11,48
64,Samples/s,4,NVIDIA L40S,Intel(R) Xeon(R) Gold 6338 CPU @ 2.00GHz,stable-diffusion-xl,6.40829747463943,64,2600.0,2.0,1.11,48
65,Samples/s,2,NVIDIA L40S,AMD EPYC 9354 32-Core Processor,3d-unet-99,6.345119651221066,64,25.0,3.25,1.11,48
66,Samples/s,2,NVIDIA L40S,AMD EPYC 9354 32-Core Processor,3d-unet-99.9,6.2819418278027,64,25.0,3.25,1.11,48
67,Samples/s,2,NVIDIA L40S,AMD EPYC 9354 32-Core Processor,bert-99,6.209741845389633,64,110.0,3.25,1.11,48
68,Samples/s,2,NVIDIA L40S,AMD EPYC 9354 32-Core Processor,bert-99.9,6.1365439310184415,64,110.0,3.25,1.11,48
69,Samples/s,2,NVIDIA L40S,AMD EPYC 9354 32-Core Processor,gptj-99,6.068292538592583,64,6000.0,3.25,1.11,48
70,Samples/s,2,NVIDIA L40S,AMD EPYC 9354 32-Core Processor,gptj-99.9,6.000002677229918,64,6000.0,3.25,1.11,48
71,Samples/s,2,NVIDIA L40S,AMD EPYC 9354 32-Core Processor,resnet,5.931842708506871,64,25.0,3.25,1.11,48
72,Samples/s,2,NVIDIA L40S,AMD EPYC 9354 32-Core Processor,retinanet,5.863806615353632,64,40.0,3.25,1.11,48
73,Samples/s,2,NVIDIA L40S,AMD EPYC 9354 32-Core Processor,rnnt,5.795828104845343,64,50.0,3.25,1.11,48
74,Samples/s,2,NVIDIA L40S,AMD EPYC 9354 32-Core Processor,stable-diffusion-xl,5.749852285797861,64,2600.0,3.25,1.11,48
75,Samples/s,4,NVIDIA H100-SXM-80GB,Intel(R) Xeon(R) Platinum 8468,3d-unet-99,5.861548428531491,96,25.0,2.1,1.59,80
76,Samples/s,4,NVIDIA H100-SXM-80GB,Intel(R) Xeon(R) Platinum 8468,3d-unet-99.9,5.973244571265122,96,25.0,2.1,1.59,80
77,Samples/s,4,NVIDIA H100-SXM-80GB,Intel(R) Xeon(R) Platinum 8468,bert-99,6.142656958424188,96,110.0,2.1,1.59,80
78,Samples/s,4,NVIDIA H100-SXM-80GB,Intel(R) Xeon(R) Platinum 8468,bert-99.9,6.361822851971522,96,110.0,2.1,1.59,80
79,Samples/s,4,NVIDIA H100-SXM-80GB,Intel(R) Xeon(R) Platinum 8468,dlrm-v2-99,7.289700006699505,96,10000.0,2.1,1.59,80
80,Samples/s,4,NVIDIA H100-SXM-80GB,Intel(R) Xeon(R) Platinum 8468,dlrm-v2-99.9,8.170696049413579,96,10000.0,2.1,1.59,80
81,Samples/s,4,NVIDIA H100-SXM-80GB,Intel(R) Xeon(R) Platinum 8468,gptj-99,7.508244406600599,96,6000.0,2.1,1.59,80
82,Samples/s,4,NVIDIA H100-SXM-80GB,Intel(R) Xeon(R) Platinum 8468,gptj-99.9,7.246328065114646,96,6000.0,2.1,1.59,80
83,Samples/s,4,NVIDIA H100-SXM-80GB,Intel(R) Xeon(R) Platinum 8468,resnet,7.519811775889055,96,25.0,2.1,1.59,80
84,Samples/s,4,NVIDIA H100-SXM-80GB,Intel(R) Xeon(R) Platinum 8468,retinanet,8.321764866604386,96,40.0,2.1,1.59,80
85,Samples/s,4,NVIDIA H100-SXM-80GB,Intel(R) Xeon(R) Platinum 8468,rnnt,9.14257775805956,96,50.0,2.1,1.59,80
86,Samples/s,4,NVIDIA H100-SXM-80GB,Intel(R) Xeon(R) Platinum 8468,stable-diffusion-xl,9.011966863139495,96,2600.0,2.1,1.59,80
87,Samples/s,4,NVIDIA H100-SXM-80GB,Intel(R) Xeon(R) Platinum 8480+,3d-unet-99,8.292185546367223,56,25.0,2.0,1.59,80
88,Samples/s,4,NVIDIA H100-SXM-80GB,Intel(R) Xeon(R) Platinum 8480+,3d-unet-99.9,7.585294327268312,56,25.0,2.0,1.59,80
89,Samples/s,4,NVIDIA H100-SXM-80GB,Intel(R) Xeon(R) Platinum 8480+,bert-99,7.381142442397319,56,110.0,2.0,1.59,80
90,Samples/s,4,NVIDIA H100-SXM-80GB,Intel(R) Xeon(R) Platinum 8480+,bert-99.9,7.209891704982775,56,110.0,2.0,1.59,80
91,Samples/s,4,NVIDIA H100-SXM-80GB,Intel(R) Xeon(R) Platinum 8480+,gptj-99,7.210634700633155,56,6000.0,2.0,1.59,80
92,Samples/s,4,NVIDIA H100-SXM-80GB,Intel(R) Xeon(R) Platinum 8480+,gptj-99.9,7.211377696283532,56,6000.0,2.0,1.59,80
93,Samples/s,4,NVIDIA H100-SXM-80GB,Intel(R) Xeon(R) Platinum 8480+,resnet,7.211097726390607,56,25.0,2.0,1.59,80
94,Samples/s,4,NVIDIA H100-SXM-80GB,Intel(R) Xeon(R) Platinum 8480+,retinanet,7.210304200808872,56,40.0,2.0,1.59,80
95,Samples/s,4,NVIDIA H100-SXM-80GB,Intel(R) Xeon(R) Platinum 8480+,rnnt,7.211309196991953,56,50.0,2.0,1.59,80
96,Samples/s,4,NVIDIA H100-SXM-80GB,Intel(R) Xeon(R) Platinum 8480+,stable-diffusion-xl,7.215336586905747,56,2600.0,2.0,1.59,80
97,Samples/s,8,NVIDIA H100-SXM-80GB,Intel(R) Xeon(R) Platinum 8480+,3d-unet-99,7.283581374529912,56,25.0,2.0,1.59,80
98,Samples/s,8,NVIDIA H100-SXM-80GB,Intel(R) Xeon(R) Platinum 8480+,3d-unet-99.9,7.351826162154078,56,25.0,2.0,1.59,80
99,Samples/s,8,NVIDIA H100-SXM-80GB,Intel(R) Xeon(R) Platinum 8480+,bert-99,7.418187778877784,56,110.0,2.0,1.59,80
100,Samples/s,8,NVIDIA H100-SXM-80GB,Intel(R) Xeon(R) Platinum 8480+,bert-99.9,7.486661898006912,56,110.0,2.0,1.59,80
101,Samples/s,8,NVIDIA H100-SXM-80GB,Intel(R) Xeon(R) Platinum 8480+,dlrm-v2-99,8.331399099126962,56,10000.0,2.0,1.59,80
102,Samples/s,8,NVIDIA H100-SXM-80GB,Intel(R) Xeon(R) Platinum 8480+,dlrm-v2-99.9,9.129379185506751,56,10000.0,2.0,1.59,80
103,Samples/s,8,NVIDIA H100-SXM-80GB,Intel(R) Xeon(R) Platinum 8480+,gptj-99,8.39670347808442,56,6000.0,2.0,1.59,80
104,Samples/s,8,NVIDIA H100-SXM-80GB,Intel(R) Xeon(R) Platinum 8480+,gptj-99.9,8.055635133611629,56,6000.0,2.0,1.59,80
105,Samples/s,8,NVIDIA H100-SXM-80GB,Intel(R) Xeon(R) Platinum 8480+,resnet,8.251026847734014,56,25.0,2.0,1.59,80
106,Samples/s,8,NVIDIA H100-SXM-80GB,Intel(R) Xeon(R) Platinum 8480+,retinanet,9.004043076908507,56,40.0,2.0,1.59,80
107,Samples/s,8,NVIDIA H100-SXM-80GB,Intel(R) Xeon(R) Platinum 8480+,rnnt,9.82237322751434,56,50.0,2.0,1.59,80
108,Samples/s,8,NVIDIA H100-SXM-80GB,Intel(R) Xeon(R) Platinum 8480+,stable-diffusion-xl,9.686736858026972,56,2600.0,2.0,1.59,80
109,Samples/s,8,NVIDIA H100-SXM-80GB,Intel(R) Xeon(R) Platinum 8470,3d-unet-99,8.93551577042545,52,25.0,2.0,1.59,80
110,Samples/s,8,NVIDIA H100-SXM-80GB,Intel(R) Xeon(R) Platinum 8470,3d-unet-99.9,8.19620061391278,52,25.0,2.0,1.59,80
111,Samples/s,8,NVIDIA H100-SXM-80GB,Intel(R) Xeon(R) Platinum 8470,gptj-99,7.390101976577155,52,6000.0,2.0,1.59,80
112,Samples/s,8,NVIDIA H100-SXM-80GB,Intel(R) Xeon(R) Platinum 8470,gptj-99.9,6.630760453981786,52,6000.0,2.0,1.59,80
113,Samples/s,8,NVIDIA H100-SXM-80GB,Intel(R) Xeon(R) Platinum 8470,resnet,7.389233451491071,52,25.0,2.0,1.59,80
114,Samples/s,8,NVIDIA H100-SXM-80GB,Intel(R) Xeon(R) Platinum 8470,stable-diffusion-xl,7.077283174630947,52,2600.0,2.0,1.59,80
115,Samples/s,8,Virtualized NVIDIA H100-SXM-80GB,Intel Xeon Platinum 8480,3d-unet-99,6.12721266122732,56,25.0,2.1,1.065,80
116,Samples/s,8,Virtualized NVIDIA H100-SXM-80GB,Intel Xeon Platinum 8480,3d-unet-99.9,5.56791902541611,56,25.0,2.1,1.065,80
117,Samples/s,8,Virtualized NVIDIA H100-SXM-80GB,Intel Xeon Platinum 8480,bert-99,5.468058786164992,56,110.0,2.1,1.065,80
118,Samples/s,8,Virtualized NVIDIA H100-SXM-80GB,Intel Xeon Platinum 8480,retinanet,6.162022507182898,56,40.0,2.1,1.065,80
119,Samples/s,8,Virtualized NVIDIA H100-SXM-80GB,Intel Xeon Platinum 8480,stable-diffusion-xl,6.062318516810496,56,2600.0,2.1,1.065,80
120,Samples/s,4,QUALCOMM Cloud AI 100 Ultra,Intel(R) Xeon(R) Gold 6448Y,bert-99,6.586700779915191,32,110.0,2.1,2.0,128
121,Samples/s,4,QUALCOMM Cloud AI 100 Ultra,Intel(R) Xeon(R) Gold 6448Y,bert-99.9,6.903307476408992,32,110.0,2.1,2.0,128
122,Samples/s,4,QUALCOMM Cloud AI 100 Ultra,Intel(R) Xeon(R) Gold 6448Y,resnet,7.616126515708684,32,25.0,2.1,2.0,128
123,Samples/s,4,QUALCOMM Cloud AI 100 Ultra,Intel(R) Xeon(R) Gold 6448Y,retinanet,7.130082282349514,32,40.0,2.1,2.0,128
124,Samples/s,2,Virtualized NVIDIA L40S,Intel Xeon Platinum 8580,3d-unet-99,7.113341390870316,60,25.0,2.0,1.11,48
125,Samples/s,2,Virtualized NVIDIA L40S,Intel Xeon Platinum 8580,3d-unet-99.9,6.932790851857047,60,25.0,2.0,1.11,48
126,Samples/s,2,Virtualized NVIDIA L40S,Intel Xeon Platinum 8580,bert-99,7.407592404849081,60,110.0,2.0,1.11,48
127,Samples/s,2,Virtualized NVIDIA L40S,Intel Xeon Platinum 8580,retinanet,7.028998492699468,60,40.0,2.0,1.11,48
128,Samples/s,2,Virtualized NVIDIA L40S,Intel Xeon Platinum 8580,rnnt,7.073866424978664,60,50.0,2.0,1.11,48
129,Samples/s,2,Virtualized NVIDIA L40S,Intel Xeon Platinum 8580,stable-diffusion-xl,6.891750144326354,60,2600.0,2.0,1.11,48
130,Samples/s,16,NVIDIA L40S,Intel(R) Xeon(R) Platinum 8452Y,stable-diffusion-xl,6.243296808576559,36,2600.0,2.0,1.11,48
131,Samples/s,8,NVIDIA L40S,Intel(R) Xeon(R) Platinum 8452Y,gptj-99,5.867142564136563,36,6000.0,2.0,1.11,48
132,Samples/s,8,NVIDIA L40S,Intel(R) Xeon(R) Platinum 8452Y,gptj-99.9,5.094775976890675,36,6000.0,2.0,1.11,48
133,Samples/s,8,NVIDIA L40S,Intel(R) Xeon(R) Platinum 8452Y,stable-diffusion-xl,4.44330131515529,36,2600.0,2.0,1.11,48
134,Samples/s,4,NVIDIA H100-SXM-80GB,Intel(R) Xeon(R) Platinum 8468,gptj-99,4.700070915496214,48,6000.0,2.1,1.59,80
135,Samples/s,4,NVIDIA H100-SXM-80GB,Intel(R) Xeon(R) Platinum 8468,gptj-99.9,4.956840515837139,48,6000.0,2.1,1.59,80
136,Samples/s,4,NVIDIA H100-SXM-80GB,Intel(R) Xeon(R) Platinum 8468,resnet,5.362733044814656,48,25.0,2.1,1.59,80
137,Samples/s,4,NVIDIA H100-SXM-80GB,Intel(R) Xeon(R) Platinum 8468,stable-diffusion-xl,4.82747027053669,48,2600.0,2.1,1.59,80
138,Samples/s,8,NVIDIA H100-SXM-80GB,Intel(R) Xeon(R) Platinum 8592+,3d-unet-99,4.223991513041904,64,25.0,1.9,1.59,80
139,Samples/s,8,NVIDIA H100-SXM-80GB,Intel(R) Xeon(R) Platinum 8592+,3d-unet-99.9,4.537863179250701,64,25.0,1.9,1.59,80
140,Samples/s,8,NVIDIA H100-SXM-80GB,Intel(R) Xeon(R) Platinum 8592+,bert-99,5.413509603583104,64,110.0,1.9,1.59,80
141,Samples/s,8,NVIDIA H100-SXM-80GB,Intel(R) Xeon(R) Platinum 8592+,bert-99.9,6.059783511238779,64,110.0,1.9,1.59,80
142,Samples/s,8,NVIDIA H100-SXM-80GB,Intel(R) Xeon(R) Platinum 8592+,dlrm-v2-99,6.926194917895967,64,10000.0,1.9,1.59,80
143,Samples/s,8,NVIDIA H100-SXM-80GB,Intel(R) Xeon(R) Platinum 8592+,dlrm-v2-99.9,8.036401811982545,64,10000.0,1.9,1.59,80
144,Samples/s,8,NVIDIA H100-SXM-80GB,Intel(R) Xeon(R) Platinum 8592+,gptj-99,8.112514308715545,64,6000.0,1.9,1.59,80
145,Samples/s,8,NVIDIA H100-SXM-80GB,Intel(R) Xeon(R) Platinum 8592+,gptj-99.9,8.188626805448546,64,6000.0,1.9,1.59,80
146,Samples/s,8,NVIDIA H100-SXM-80GB,Intel(R) Xeon(R) Platinum 8592+,resnet,8.257928182734418,64,25.0,1.9,1.59,80
147,Samples/s,8,NVIDIA H100-SXM-80GB,Intel(R) Xeon(R) Platinum 8592+,retinanet,9.012830213038756,64,40.0,1.9,1.59,80
148,Samples/s,8,NVIDIA H100-SXM-80GB,Intel(R) Xeon(R) Platinum 8592+,rnnt,9.832292449724935,64,50.0,1.9,1.59,80
149,Samples/s,8,NVIDIA H100-SXM-80GB,Intel(R) Xeon(R) Platinum 8592+,stable-diffusion-xl,9.700889798220246,64,2600.0,1.9,1.59,80
150,Samples/s,8,NVIDIA H100-SXM-80GB,Intel(R) Xeon(R) Platinum 8481C,3d-unet-99,8.980319508571618,208,25.0,2.7,1.59,80
151,Samples/s,8,NVIDIA H100-SXM-80GB,Intel(R) Xeon(R) Platinum 8481C,3d-unet-99.9,8.272613054951627,208,25.0,2.7,1.59,80
152,Samples/s,8,NVIDIA H100-SXM-80GB,Intel(R) Xeon(R) Platinum 8481C,bert-99,8.064455558499251,208,110.0,2.7,1.59,80
153,Samples/s,8,NVIDIA H100-SXM-80GB,Intel(R) Xeon(R) Platinum 8481C,bert-99.9,7.89095942262068,208,110.0,2.7,1.59,80
154,Samples/s,8,NVIDIA H100-SXM-80GB,Intel(R) Xeon(R) Platinum 8481C,dlrm-v2-99.9,8.616087061276207,208,10000.0,2.7,1.59,80
155,Samples/s,8,NVIDIA H100-SXM-80GB,Intel(R) Xeon(R) Platinum 8481C,gptj-99,8.613910110243141,208,6000.0,2.7,1.59,80
156,Samples/s,8,NVIDIA H100-SXM-80GB,Intel(R) Xeon(R) Platinum 8481C,gptj-99.9,7.814069258015313,208,6000.0,2.7,1.59,80
157,Samples/s,8,NVIDIA H100-SXM-80GB,Intel(R) Xeon(R) Platinum 8481C,retinanet,7.812454677897975,208,40.0,2.7,1.59,80
158,Samples/s,8,NVIDIA H100-SXM-80GB,Intel(R) Xeon(R) Platinum 8481C,stable-diffusion-xl,6.85952639383992,208,2600.0,2.7,1.59,80
159,Samples/s,4,TPU v5e,AMD EPYC 7B13,gptj-99,6.835346147169811,56,6000.0,2.2,2.0,32
160,Samples/s,8,NVIDIA H100-SXM-80GB,Intel(R) Xeon(R) Platinum 8468,3d-unet-99,6.836146151436519,48,25.0,2.1,1.59,80
161,Samples/s,8,NVIDIA H100-SXM-80GB,Intel(R) Xeon(R) Platinum 8468,3d-unet-99.9,6.837156742552372,48,25.0,2.1,1.59,80
162,Samples/s,8,NVIDIA H100-SXM-80GB,Intel(R) Xeon(R) Platinum 8468,bert-99,6.838704990593799,48,110.0,2.1,1.59,80
163,Samples/s,8,NVIDIA H100-SXM-80GB,Intel(R) Xeon(R) Platinum 8468,resnet,7.0829659010081,48,25.0,2.1,1.59,80
164,Samples/s,8,NVIDIA H100-SXM-80GB,Intel(R) Xeon(R) Platinum 8468,retinanet,6.765716207488214,48,40.0,2.1,1.59,80
165,Samples/s,8,NVIDIA H100-SXM-80GB,Intel(R) Xeon(R) Platinum 8468,rnnt,7.434439466281657,48,50.0,2.1,1.59,80
166,Samples/s,8,NVIDIA H100-SXM-80GB,Intel(R) Xeon(R) Platinum 8468,stable-diffusion-xl,7.152789549988109,48,2600.0,2.1,1.59,80
167,Samples/s,4,NVIDIA H100-PCIe-80GB,Intel(R) Xeon(R) Platinum 8468,3d-unet-99,6.492164431618193,48,25.0,2.1,1.75,80
168,Samples/s,4,NVIDIA H100-PCIe-80GB,Intel(R) Xeon(R) Platinum 8468,3d-unet-99.9,6.523189509419351,48,25.0,2.1,1.75,80
169,Samples/s,4,NVIDIA H100-PCIe-80GB,Intel(R) Xeon(R) Platinum 8468,resnet,7.510330408061959,48,25.0,2.1,1.75,80
170,Samples/s,4,NVIDIA H100-PCIe-80GB,Intel(R) Xeon(R) Platinum 8468,retinanet,7.952064639973027,48,40.0,2.1,1.75,80
171,Samples/s,4,NVIDIA H100-PCIe-80GB,Intel(R) Xeon(R) Platinum 8468,rnnt,8.672515037908976,48,50.0,2.1,1.75,80
172,Samples/s,4,NVIDIA L40S,Intel(R) Xeon(R) Platinum 8580,3d-unet-99,7.83626758253685,60,25.0,2.0,1.11,48
173,Samples/s,4,NVIDIA L40S,Intel(R) Xeon(R) Platinum 8580,3d-unet-99.9,6.769939177738396,60,25.0,2.0,1.11,48
174,Samples/s,4,NVIDIA L40S,Intel(R) Xeon(R) Platinum 8580,bert-99,6.759920483413646,60,110.0,2.0,1.11,48
175,Samples/s,4,NVIDIA L40S,Intel(R) Xeon(R) Platinum 8580,resnet,6.740788679438992,60,25.0,2.0,1.11,48
176,Samples/s,4,NVIDIA L40S,Intel(R) Xeon(R) Platinum 8580,retinanet,7.281258216725114,60,40.0,2.0,1.11,48
177,Samples/s,4,NVIDIA L40S,Intel(R) Xeon(R) Platinum 8580,rnnt,8.056589571171532,60,50.0,2.0,1.11,48
178,Samples/s,4,NVIDIA L40S,Intel(R) Xeon(R) Platinum 8580,stable-diffusion-xl,7.889279747263233,60,2600.0,2.0,1.11,48
179,Samples/s,8,QUALCOMM Cloud AI 100 Ultra,Intel(R) Xeon(R) Gold 6448H,bert-99,7.609286287104727,32,110.0,2.4,2.0,128
180,Samples/s,8,QUALCOMM Cloud AI 100 Ultra,Intel(R) Xeon(R) Gold 6448H,resnet,8.058765634657629,32,25.0,2.4,2.0,128
181,Samples/s,16,QUALCOMM Cloud AI 100 Pro,AMD EPYC 7713 64-Core Processor,stable-diffusion-xl,6.9375480113894525,64,2600.0,2.0,2.0,32
182,Samples/s,2,NVIDIA L40,AMD EPYC 8124P 16-Core Processor,3d-unet-99,6.852433414749297,32,25.0,2.45,0.735,48
183,Samples/s,2,NVIDIA L40,AMD EPYC 8124P 16-Core Processor,3d-unet-99.9,6.100866004802233,32,25.0,2.45,0.735,48
184,Samples/s,2,NVIDIA L40,AMD EPYC 8124P 16-Core Processor,bert-99.9,5.648461457868268,32,110.0,2.45,0.735,48
185,Samples/s,2,NVIDIA L40,AMD EPYC 8124P 16-Core Processor,resnet,5.919071677158658,32,25.0,2.45,0.735,48
186,Samples/s,2,NVIDIA L40,AMD EPYC 8124P 16-Core Processor,retinanet,5.5285069033929295,32,40.0,2.45,0.735,48
187,Samples/s,2,NVIDIA L40,AMD EPYC 8124P 16-Core Processor,rnnt,6.385966155897596,32,50.0,2.45,0.735,48
188,Samples/s,4,QUALCOMM Cloud AI 100 Ultra,Intel(R) Xeon(R) Platinum 8360Y CPU @ 2.40GHz,bert-99,6.327063057324061,36,110.0,2.4,2.0,128
189,Samples/s,4,QUALCOMM Cloud AI 100 Ultra,Intel(R) Xeon(R) Platinum 8360Y CPU @ 2.40GHz,bert-99.9,5.872259707211796,36,110.0,2.4,2.0,128
190,Samples/s,4,QUALCOMM Cloud AI 100 Ultra,Intel(R) Xeon(R) Platinum 8360Y CPU @ 2.40GHz,resnet,6.901868961703265,36,25.0,2.4,2.0,128
191,Samples/s,4,QUALCOMM Cloud AI 100 Ultra,Intel(R) Xeon(R) Platinum 8360Y CPU @ 2.40GHz,retinanet,7.639708765583545,36,40.0,2.4,2.0,128
192,Samples/s,1,NVIDIA H100-SXM-80GB,Intel(R) Xeon(R) Platinum 8480C,3d-unet-99,7.6452350334510495,56,25.0,2.0,1.59,80
193,Samples/s,1,NVIDIA H100-SXM-80GB,Intel(R) Xeon(R) Platinum 8480C,3d-unet-99.9,7.650761301318553,56,25.0,2.0,1.59,80
194,Samples/s,1,NVIDIA H100-SXM-80GB,Intel(R) Xeon(R) Platinum 8480C,bert-99,7.818292954824946,56,110.0,2.0,1.59,80
195,Samples/s,1,NVIDIA H100-SXM-80GB,Intel(R) Xeon(R) Platinum 8480C,bert-99.9,7.640147642108792,56,110.0,2.0,1.59,80
196,Samples/s,1,NVIDIA H100-SXM-80GB,Intel(R) Xeon(R) Platinum 8480C,dlrm-v2-99,8.077215009108953,56,10000.0,2.0,1.59,80
197,Samples/s,1,NVIDIA H100-SXM-80GB,Intel(R) Xeon(R) Platinum 8480C,dlrm-v2-99.9,8.162028042543046,56,10000.0,2.0,1.59,80
198,Samples/s,1,NVIDIA H100-SXM-80GB,Intel(R) Xeon(R) Platinum 8480C,gptj-99,7.619431854212371,56,6000.0,2.0,1.59,80
199,Samples/s,1,NVIDIA H100-SXM-80GB,Intel(R) Xeon(R) Platinum 8480C,gptj-99.9,7.133333207144463,56,6000.0,2.0,1.59,80
200,Samples/s,1,NVIDIA H100-SXM-80GB,Intel(R) Xeon(R) Platinum 8480C,resnet,7.044804734266049,56,25.0,2.0,1.59,80
201,Samples/s,1,NVIDIA H100-SXM-80GB,Intel(R) Xeon(R) Platinum 8480C,retinanet,6.974581375629801,56,40.0,2.0,1.59,80
202,Samples/s,1,NVIDIA H100-SXM-80GB,Intel(R) Xeon(R) Platinum 8480C,rnnt,7.780137676525814,56,50.0,2.0,1.59,80
203,Samples/s,1,NVIDIA H100-SXM-80GB,Intel(R) Xeon(R) Platinum 8480C,stable-diffusion-xl,7.676528483357136,56,2600.0,2.0,1.59,80
204,Samples/s,8,NVIDIA H100-SXM-80GB,Intel(R) Xeon(R) Platinum 8480C,3d-unet-99,7.161237301789276,56,25.0,2.0,1.59,80
205,Samples/s,8,NVIDIA H100-SXM-80GB,Intel(R) Xeon(R) Platinum 8480C,3d-unet-99.9,6.65938015404582,56,25.0,2.0,1.59,80
206,Samples/s,8,NVIDIA H100-SXM-80GB,Intel(R) Xeon(R) Platinum 8480C,bert-99,6.6590526686394735,56,110.0,2.0,1.59,80
207,Samples/s,8,NVIDIA H100-SXM-80GB,Intel(R) Xeon(R) Platinum 8480C,bert-99.9,6.693588825236738,56,110.0,2.0,1.59,80
208,Samples/s,8,NVIDIA H100-SXM-80GB,Intel(R) Xeon(R) Platinum 8480C,dlrm-v2-99,7.671858837751037,56,10000.0,2.0,1.59,80
209,Samples/s,8,NVIDIA H100-SXM-80GB,Intel(R) Xeon(R) Platinum 8480C,dlrm-v2-99.9,8.602814884229572,56,10000.0,2.0,1.59,80
210,Samples/s,8,NVIDIA H100-SXM-80GB,Intel(R) Xeon(R) Platinum 8480C,gptj-99,8.01193431069493,56,6000.0,2.0,1.59,80
211,Samples/s,8,NVIDIA H100-SXM-80GB,Intel(R) Xeon(R) Platinum 8480C,gptj-99.9,7.814823568732881,56,6000.0,2.0,1.59,80
212,Samples/s,8,NVIDIA H100-SXM-80GB,Intel(R) Xeon(R) Platinum 8480C,resnet,8.155001012765663,56,25.0,2.0,1.59,80
213,Samples/s,8,NVIDIA H100-SXM-80GB,Intel(R) Xeon(R) Platinum 8480C,retinanet,9.013990445794468,56,40.0,2.0,1.59,80
214,Samples/s,8,NVIDIA H100-SXM-80GB,Intel(R) Xeon(R) Platinum 8480C,rnnt,9.822576387561607,56,50.0,2.0,1.59,80
215,Samples/s,8,NVIDIA H100-SXM-80GB,Intel(R) Xeon(R) Platinum 8480C,stable-diffusion-xl,9.691287002287792,56,2600.0,2.0,1.59,80
216,Samples/s,1,NVIDIA GH200-GraceHopper-Superchip,NVIDIA Grace CPU,dlrm-v2-99,9.70462211653072,72,10000.0,2.7,1.2,288
217,Samples/s,1,NVIDIA GH200-GraceHopper-Superchip,NVIDIA Grace CPU,dlrm-v2-99.9,9.682117014571883,72,10000.0,2.7,1.2,288
218,Samples/s,1,NVIDIA GH200-GraceHopper-Superchip,NVIDIA Grace CPU,gptj-99,8.706462938267965,72,6000.0,2.7,1.2,288
219,Samples/s,1,NVIDIA GH200-GraceHopper-Superchip,NVIDIA Grace CPU,gptj-99.9,7.778122827999811,72,6000.0,2.7,1.2,288
220,Samples/s,1,NVIDIA GH200-GraceHopper-Superchip,NVIDIA Grace CPU,stable-diffusion-xl,7.331207705010634,72,2600.0,2.7,1.2,288
221,Samples/s,1,NVIDIA H200-SXM-141GB,Intel(R) Xeon(R) Platinum 8480C,gptj-99,7.128590277686446,56,6000.0,2.0,1.2,141
222,Samples/s,1,NVIDIA H200-SXM-141GB,Intel(R) Xeon(R) Platinum 8480C,gptj-99.9,6.127990211511046,56,6000.0,2.0,1.2,141
223,Samples/s,8,NVIDIA H200-SXM-141GB,Intel(R) Xeon(R) Platinum 8480C,dlrm-v2-99,6.497763947033046,56,10000.0,2.0,1.2,141
224,Samples/s,8,NVIDIA H200-SXM-141GB,Intel(R) Xeon(R) Platinum 8480C,dlrm-v2-99.9,6.572195610703986,56,10000.0,2.0,1.2,141
225,Samples/s,8,NVIDIA H200-SXM-141GB,Intel(R) Xeon(R) Platinum 8480C,gptj-99,6.856379126616275,56,6000.0,2.0,1.2,141
226,Samples/s,8,NVIDIA H200-SXM-141GB,Intel(R) Xeon(R) Platinum 8480C,gptj-99.9,6.276265207286085,56,6000.0,2.0,1.2,141
227,Samples/s,8,NVIDIA H200-SXM-141GB,Intel(R) Xeon(R) Platinum 8480C,stable-diffusion-xl,5.463838565683836,56,2600.0,2.0,1.2,141
228,Samples/s,8,NVIDIA L40S,AMD EPYC 7742 64-Core Processor,dlrm-v2-99,6.322228315725199,64,10000.0,2.3,1.11,48
229,Samples/s,8,NVIDIA L40S,AMD EPYC 7742 64-Core Processor,dlrm-v2-99.9,7.108000363851491,64,10000.0,2.3,1.11,48
230,Samples/s,8,NVIDIA L40S,AMD EPYC 7742 64-Core Processor,gptj-99,7.462463192206394,64,6000.0,2.3,1.11,48
231,Samples/s,8,NVIDIA L40S,AMD EPYC 7742 64-Core Processor,gptj-99.9,7.57262832489631,64,6000.0,2.3,1.11,48
232,Samples/s,8,NVIDIA L40S,AMD EPYC 7742 64-Core Processor,stable-diffusion-xl,7.406316287190488,64,2600.0,2.3,1.11,48
233,Samples/s,8,NVIDIA H100-SXM-80GB,Intel(R) Xeon(R) Platinum 8480+,3d-unet-99,6.476537494450279,56,25.0,2.0,1.59,80
234,Samples/s,8,NVIDIA H100-SXM-80GB,Intel(R) Xeon(R) Platinum 8480+,3d-unet-99.9,5.593519889012202,56,25.0,2.0,1.59,80
235,Samples/s,8,NVIDIA H100-SXM-80GB,Intel(R) Xeon(R) Platinum 8480+,bert-99,6.159876509520802,56,110.0,2.0,1.59,80
236,Samples/s,8,NVIDIA H100-SXM-80GB,Intel(R) Xeon(R) Platinum 8480+,bert-99.9,6.714058769078818,56,110.0,2.0,1.59,80
237,Samples/s,8,NVIDIA H100-SXM-80GB,Intel(R) Xeon(R) Platinum 8480+,dlrm-v2-99,7.768344474072249,56,10000.0,2.0,1.59,80
238,Samples/s,8,NVIDIA H100-SXM-80GB,Intel(R) Xeon(R) Platinum 8480+,dlrm-v2-99.9,7.836305976020543,56,10000.0,2.0,1.59,80
239,Samples/s,8,NVIDIA H100-SXM-80GB,Intel(R) Xeon(R) Platinum 8480+,gptj-99,7.248415963038051,56,6000.0,2.0,1.59,80
240,Samples/s,8,NVIDIA H100-SXM-80GB,Intel(R) Xeon(R) Platinum 8480+,gptj-99.9,7.339134763692494,56,6000.0,2.0,1.59,80
241,Samples/s,8,NVIDIA H100-SXM-80GB,Intel(R) Xeon(R) Platinum 8480+,resnet,8.228948107512574,56,25.0,2.0,1.59,80
242,Samples/s,8,NVIDIA H100-SXM-80GB,Intel(R) Xeon(R) Platinum 8480+,retinanet,9.00410635570545,56,40.0,2.0,1.59,80
243,Samples/s,8,NVIDIA H100-SXM-80GB,Intel(R) Xeon(R) Platinum 8480+,rnnt,9.792874512863508,56,50.0,2.0,1.59,80
244,Samples/s,8,NVIDIA H100-SXM-80GB,Intel(R) Xeon(R) Platinum 8480+,stable-diffusion-xl,9.6610884965583,56,2600.0,2.0,1.59,80
245,Samples/s,16,QUALCOMM Cloud AI 100 Ultra,AMD EPYC 9554 64-Core Processor,bert-99,9.576690909978712,64,110.0,3.1,2.0,128
246,Samples/s,16,QUALCOMM Cloud AI 100 Ultra,AMD EPYC 9554 64-Core Processor,bert-99.9,9.444679381666893,64,110.0,3.1,2.0,128
247,Samples/s,16,QUALCOMM Cloud AI 100 Ultra,AMD EPYC 9554 64-Core Processor,resnet,9.49119740787837,64,25.0,3.1,2.0,128
248,Samples/s,16,QUALCOMM Cloud AI 100 Ultra,AMD EPYC 9554 64-Core Processor,retinanet,9.17772350978159,64,40.0,3.1,2.0,128
249,Samples/s,16,QUALCOMM Cloud AI 100 Ultra,AMD EPYC 9554 64-Core Processor,bert-99,9.664500208312854,64,110.0,3.1,2.0,128
250,Samples/s,16,QUALCOMM Cloud AI 100 Ultra,AMD EPYC 9554 64-Core Processor,bert-99.9,10.088720236213463,64,110.0,3.1,2.0,128
251,Samples/s,16,QUALCOMM Cloud AI 100 Ultra,AMD EPYC 9554 64-Core Processor,resnet,10.114211509310245,64,25.0,3.1,2.0,128
252,Samples/s,16,QUALCOMM Cloud AI 100 Ultra,AMD EPYC 9554 64-Core Processor,retinanet,10.12425944482172,64,40.0,3.1,2.0,128
253,Samples/s,4,NVIDIA H100-PCIe-80GB,Intel(R) Xeon(R) Platinum 8470,3d-unet-99,9.236007859855336,52,25.0,2.0,1.75,80
254,Samples/s,4,NVIDIA H100-PCIe-80GB,Intel(R) Xeon(R) Platinum 8470,3d-unet-99.9,9.268253310935176,52,25.0,2.0,1.75,80
255,Samples/s,4,NVIDIA H100-PCIe-80GB,Intel(R) Xeon(R) Platinum 8470,bert-99,9.243107402056596,52,110.0,2.0,1.75,80
256,Samples/s,4,NVIDIA H100-PCIe-80GB,Intel(R) Xeon(R) Platinum 8470,bert-99.9,9.259444287946906,52,110.0,2.0,1.75,80
257,Samples/s,4,NVIDIA H100-PCIe-80GB,Intel(R) Xeon(R) Platinum 8470,dlrm-v2-99.9,9.043281936033448,52,10000.0,2.0,1.75,80
258,Samples/s,4,NVIDIA H100-PCIe-80GB,Intel(R) Xeon(R) Platinum 8470,gptj-99,8.523277407399098,52,6000.0,2.0,1.75,80
259,Samples/s,4,NVIDIA H100-PCIe-80GB,Intel(R) Xeon(R) Platinum 8470,gptj-99.9,7.93149149898256,52,6000.0,2.0,1.75,80
260,Samples/s,4,NVIDIA H100-PCIe-80GB,Intel(R) Xeon(R) Platinum 8470,resnet,8.191626255086666,52,25.0,2.0,1.75,80
261,Samples/s,4,NVIDIA H100-PCIe-80GB,Intel(R) Xeon(R) Platinum 8470,retinanet,7.662300834077311,52,40.0,2.0,1.75,80
262,Samples/s,4,NVIDIA H100-PCIe-80GB,Intel(R) Xeon(R) Platinum 8470,rnnt,7.815389641765455,52,50.0,2.0,1.75,80
263,Samples/s,4,NVIDIA H100-PCIe-80GB,Intel(R) Xeon(R) Platinum 8470,stable-diffusion-xl,7.687635711333202,52,2600.0,2.0,1.75,80
264,Samples/s,4,NVIDIA L40S,Intel(R) Xeon(R) Platinum 8470,3d-unet-99,7.671150191140003,52,25.0,2.0,1.11,48
265,Samples/s,4,NVIDIA L40S,Intel(R) Xeon(R) Platinum 8470,3d-unet-99.9,6.945416850032527,52,25.0,2.0,1.11,48
266,Samples/s,4,NVIDIA L40S,Intel(R) Xeon(R) Platinum 8470,bert-99,6.906898756763928,52,110.0,2.0,1.11,48
267,Samples/s,4,NVIDIA L40S,Intel(R) Xeon(R) Platinum 8470,bert-99.9,6.63654865088902,52,110.0,2.0,1.11,48
268,Samples/s,4,NVIDIA L40S,Intel(R) Xeon(R) Platinum 8470,dlrm-v2-99,7.3428395547447325,52,10000.0,2.0,1.11,48
269,Samples/s,4,NVIDIA L40S,Intel(R) Xeon(R) Platinum 8470,dlrm-v2-99.9,7.985141299494498,52,10000.0,2.0,1.11,48
270,Samples/s,4,NVIDIA L40S,Intel(R) Xeon(R) Platinum 8470,gptj-99,7.147870385002913,52,6000.0,2.0,1.11,48
271,Samples/s,4,NVIDIA L40S,Intel(R) Xeon(R) Platinum 8470,gptj-99.9,6.699732830424823,52,6000.0,2.0,1.11,48
272,Samples/s,4,NVIDIA L40S,Intel(R) Xeon(R) Platinum 8470,resnet,6.789795645061614,52,25.0,2.0,1.11,48
273,Samples/s,4,NVIDIA L40S,Intel(R) Xeon(R) Platinum 8470,retinanet,7.427506684253821,52,40.0,2.0,1.11,48
274,Samples/s,4,NVIDIA L40S,Intel(R) Xeon(R) Platinum 8470,rnnt,8.21692553271,52,50.0,2.0,1.11,48
275,Samples/s,4,NVIDIA L40S,Intel(R) Xeon(R) Platinum 8470,stable-diffusion-xl,8.065755478012786,52,2600.0,2.0,1.11,48
276,Samples/s,1,NVIDIA GH200-GraceHopper-Superchip,NVIDIA Grace CPU,dlrm-v2-99.9,8.195486398549022,72,10000.0,2.7,1.2,288
277,Samples/s,1,NVIDIA GH200-GraceHopper-Superchip,NVIDIA Grace CPU,gptj-99,7.664181136578497,72,6000.0,2.7,1.2,288
278,Samples/s,1,NVIDIA GH200-GraceHopper-Superchip,NVIDIA Grace CPU,stable-diffusion-xl,6.618571311601491,72,2600.0,2.7,1.2,288
279,Samples/s,8,NVIDIA L40S,Intel(R) Xeon(R) Platinum 8462Y+,3d-unet-99,5.8826956260859244,32,25.0,2.8,1.11,48
280,Samples/s,8,NVIDIA L40S,Intel(R) Xeon(R) Platinum 8462Y+,3d-unet-99.9,5.83761398166415,32,25.0,2.8,1.11,48
281,Samples/s,8,NVIDIA L40S,Intel(R) Xeon(R) Platinum 8462Y+,bert-99,6.462016106617348,32,110.0,2.8,1.11,48
282,Samples/s,8,NVIDIA L40S,Intel(R) Xeon(R) Platinum 8462Y+,bert-99.9,6.208852975921701,32,110.0,2.8,1.11,48
283,Samples/s,8,NVIDIA L40S,Intel(R) Xeon(R) Platinum 8462Y+,resnet,6.6774832223669005,32,25.0,2.8,1.11,48
284,Samples/s,8,NVIDIA L40S,Intel(R) Xeon(R) Platinum 8462Y+,retinanet,6.484066840236122,32,40.0,2.8,1.11,48
285,Samples/s,8,NVIDIA H100-SXM-80GB,Intel(R) Xeon(R) Platinum 8568Y+,3d-unet-99,6.7520972665713215,48,25.0,2.3,1.59,80
286,Samples/s,8,NVIDIA H100-SXM-80GB,Intel(R) Xeon(R) Platinum 8568Y+,3d-unet-99.9,6.070316977748119,48,25.0,2.3,1.59,80
287,Samples/s,8,NVIDIA H100-SXM-80GB,Intel(R) Xeon(R) Platinum 8568Y+,bert-99,6.834592352671898,48,110.0,2.3,1.59,80
288,Samples/s,8,NVIDIA H100-SXM-80GB,Intel(R) Xeon(R) Platinum 8568Y+,bert-99.9,7.835485480573654,48,110.0,2.3,1.59,80
289,Samples/s,8,NVIDIA H100-SXM-80GB,Intel(R) Xeon(R) Platinum 8568Y+,dlrm-v2-99,8.810442541272629,48,10000.0,2.3,1.59,80
290,Samples/s,8,NVIDIA H100-SXM-80GB,Intel(R) Xeon(R) Platinum 8568Y+,dlrm-v2-99.9,9.73836901313577,48,10000.0,2.3,1.59,80
291,Samples/s,8,NVIDIA H100-SXM-80GB,Intel(R) Xeon(R) Platinum 8568Y+,gptj-99,9.26984797599741,48,6000.0,2.3,1.59,80
292,Samples/s,8,NVIDIA H100-SXM-80GB,Intel(R) Xeon(R) Platinum 8568Y+,gptj-99.9,8.864853200203756,48,6000.0,2.3,1.59,80
293,Samples/s,8,NVIDIA H100-SXM-80GB,Intel(R) Xeon(R) Platinum 8568Y+,resnet,8.936408191646915,48,25.0,2.3,1.59,80
294,Samples/s,8,NVIDIA H100-SXM-80GB,Intel(R) Xeon(R) Platinum 8568Y+,retinanet,9.013243439142746,48,40.0,2.3,1.59,80
295,Samples/s,8,NVIDIA H100-SXM-80GB,Intel(R) Xeon(R) Platinum 8568Y+,rnnt,9.817509407169524,48,50.0,2.3,1.59,80
296,Samples/s,8,NVIDIA H100-SXM-80GB,Intel(R) Xeon(R) Platinum 8568Y+,stable-diffusion-xl,9.685809465123844,48,2600.0,2.3,1.59,80
297,Samples/s,2,NVIDIA GeForce RTX 4090,Intel(R) Xeon(R) w7-2495X,resnet,9.46607406997955,24,25.0,2.5,2.235,24
298,Samples/s,2,NVIDIA GeForce RTX 4090,Intel(R) Xeon(R) w7-2495X,3d-unet-99,8.584625988836246,24,25.0,2.5,2.235,24
299,Samples/s,2,NVIDIA GeForce RTX 4090,Intel(R) Xeon(R) w7-2495X,3d-unet-99.9,7.483368994540224,24,25.0,2.5,2.235,24
300,Samples/s,2,NVIDIA GeForce RTX 4090,Intel(R) Xeon(R) w7-2495X,gptj-99,6.439532615475185,24,6000.0,2.5,2.235,24
301,Samples/s,2,NVIDIA GeForce RTX 4090,Intel(R) Xeon(R) w7-2495X,gptj-99.9,6.122739876196034,24,6000.0,2.5,2.235,24
302,Samples/s,2,NVIDIA GeForce RTX 4090,Intel(R) Xeon(R) w7-2495X,stable-diffusion-xl,5.603539948179958,24,2600.0,2.5,2.235,24
303,Samples/s,1,NVIDIA GeForce RTX 4090,AMD Ryzen 9 7950X 16-Core Processor,3d-unet-99,4.420767159272154,16,25.0,4.5,2.235,24
304,Samples/s,1,NVIDIA GeForce RTX 4090,AMD Ryzen 9 7950X 16-Core Processor,3d-unet-99.9,3.631784523384632,16,25.0,4.5,2.235,24
305,Samples/s,1,NVIDIA GeForce RTX 4090,AMD Ryzen 9 7950X 16-Core Processor,bert-99,3.2625229567248226,16,110.0,4.5,2.235,24
306,Samples/s,1,NVIDIA GeForce RTX 4090,AMD Ryzen 9 7950X 16-Core Processor,gptj-99,3.170645689956699,16,6000.0,4.5,2.235,24
307,Samples/s,1,NVIDIA GeForce RTX 4090,AMD Ryzen 9 7950X 16-Core Processor,gptj-99.9,2.44764342761893,16,6000.0,4.5,2.235,24
308,Samples/s,1,NVIDIA GeForce RTX 4090,AMD Ryzen 9 7950X 16-Core Processor,resnet,3.2972720051509468,16,25.0,4.5,2.235,24
309,Samples/s,1,NVIDIA GeForce RTX 4090,AMD Ryzen 9 7950X 16-Core Processor,retinanet,3.75202981669248,16,40.0,4.5,2.235,24
310,Samples/s,1,NVIDIA GeForce RTX 4090,AMD Ryzen 9 7950X 16-Core Processor,rnnt,4.482312719557613,16,50.0,4.5,2.235,24
311,Samples/s,1,NVIDIA GeForce RTX 4090,AMD Ryzen 9 7950X 16-Core Processor,bert-99,4.788389814269683,16,110.0,4.5,2.235,24
312,Samples/s,1,NVIDIA GeForce RTX 4090,AMD Ryzen 9 7950X 16-Core Processor,resnet,5.577687289882787,16,25.0,4.5,2.235,24
313,Samples/s,1,NVIDIA GeForce RTX 4090,AMD Ryzen 9 7950X 16-Core Processor,bert-99,5.863692188962616,16,110.0,4.5,2.235,24
314,Samples/s,1,NVIDIA GeForce RTX 4090,AMD Ryzen 9 7950X 16-Core Processor,bert-99,6.165963095012414,16,110.0,4.5,2.235,24
315,Samples/s,1,NVIDIA GeForce RTX 4090,AMD Ryzen 9 7950X 16-Core Processor,resnet,6.10653314964421,16,25.0,4.5,2.235,24
316,Samples/s,1,NVIDIA GeForce RTX 4090,AMD Ryzen 9 7950X 16-Core Processor,resnet,6.761958063493907,16,25.0,4.5,2.235,24
317,Samples/s,1,NVIDIA GeForce RTX 4090,AMD Ryzen 9 7950X 16-Core Processor,retinanet,7.018520240997619,16,40.0,4.5,2.235,24
318,Samples/s,1,NVIDIA GeForce RTX 4090,AMD Ryzen 9 7950X 16-Core Processor,stable-diffusion-xl,5.979882516523687,16,2600.0,4.5,2.235,24
319,Samples/s,1,QUALCOMM Cloud AI 100 DM.2e,QUALCOMM Snapdragon 865 (QRB5165),bert-99,5.856985931136685,2,110.0,2.84,2.0,16
320,Samples/s,1,QUALCOMM Cloud AI 100 DM.2e,QUALCOMM Snapdragon 865 (QRB5165),resnet,5.7784497518622375,2,25.0,2.84,2.0,16
321,Samples/s,1,QUALCOMM Cloud AI 100 DM.2e,QUALCOMM Snapdragon 865 (QRB5165),retinanet,5.722536635692704,2,40.0,2.84,2.0,16
322,Samples/s,1,NVIDIA L4,Intel(R) Xeon(R) Gold 6448Y CPU @ 2.10GHz,3d-unet-99,4.976534868767839,32,25.0,2.1,0.795,24
323,Samples/s,1,NVIDIA L4,Intel(R) Xeon(R) Gold 6448Y CPU @ 2.10GHz,3d-unet-99.9,4.60038597837363,32,25.0,2.1,0.795,24
324,Samples/s,1,NVIDIA L4,Intel(R) Xeon(R) Gold 6448Y CPU @ 2.10GHz,bert-99,4.820176317329265,32,110.0,2.1,0.795,24
325,Samples/s,1,NVIDIA L4,Intel(R) Xeon(R) Gold 6448Y CPU @ 2.10GHz,resnet,4.992724743060117,32,25.0,2.1,0.795,24
326,Samples/s,1,NVIDIA L4,Intel(R) Xeon(R) Gold 6448Y CPU @ 2.10GHz,retinanet,4.708113589488401,32,40.0,2.1,0.795,24
327,Samples/s,1,NVIDIA L4,Intel(R) Xeon(R) Gold 6448Y CPU @ 2.10GHz,rnnt,5.107239314332337,32,50.0,2.1,0.795,24
328,Samples/s,1,NVIDIA L4,Intel(R) Xeon(R) Gold 6433N,3d-unet-99,5.146246446772661,20,25.0,2.0,0.795,24
329,Samples/s,1,NVIDIA L4,Intel(R) Xeon(R) Gold 6433N,3d-unet-99.9,4.66438320611654,20,25.0,2.0,0.795,24
330,Samples/s,1,NVIDIA L4,Intel(R) Xeon(R) Gold 6433N,resnet,4.721564352125929,20,25.0,2.0,0.795,24
331,Samples/s,1,NVIDIA L4,Intel(R) Xeon(R) Gold 6433N,retinanet,4.757740720253695,20,40.0,2.0,0.795,24
332,Samples/s,1,NVIDIA L4,Intel(R) Xeon(R) Gold 6433N,rnnt,5.509281471993491,20,50.0,2.0,0.795,24
333,Samples/s,1,NVIDIA L4,Intel(R) Xeon(R) Gold 6433N,3d-unet-99,5.507833064546082,32,25.0,2.0,0.795,24
334,Samples/s,1,NVIDIA L4,Intel(R) Xeon(R) Gold 6433N,3d-unet-99.9,4.89417942077886,32,25.0,2.0,0.795,24
335,Samples/s,1,NVIDIA L4,Intel(R) Xeon(R) Gold 6433N,bert-99,4.633487010810212,32,110.0,2.0,0.795,24
336,Samples/s,1,NVIDIA L4,Intel(R) Xeon(R) Gold 6433N,resnet,5.0293787907678205,32,25.0,2.0,0.795,24
337,Samples/s,1,NVIDIA L4,Intel(R) Xeon(R) Gold 6433N,retinanet,4.740355310608642,32,40.0,2.0,0.795,24
338,Samples/s,1,NVIDIA L4,Intel(R) Xeon(R) Gold 6433N,rnnt,5.494222486483903,32,50.0,2.0,0.795,24
339,Samples/s,1,NVIDIA L4,Intel(R) Xeon(R) Gold 6433N,stable-diffusion-xl,5.439132390698839,32,2600.0,2.0,0.795,24
340,Samples/s,1,NVIDIA L4,Intel(R) Xeon(R) D-2733NT,resnet,5.438685002767118,8,25.0,2.1,0.795,24
341,Samples/s,1,NVIDIA L4,Intel(R) Xeon(R) D-2733NT,retinanet,5.45670397700723,8,40.0,2.1,0.795,24
342,Samples/s,2,NVIDIA L40,Intel(R) Xeon(R) Gold 6330N CPU @ 2.20GHz,3d-unet-99,4.832734121745098,28,25.0,2.2,0.735,48
343,Samples/s,2,NVIDIA L40,Intel(R) Xeon(R) Gold 6330N CPU @ 2.20GHz,3d-unet-99.9,4.963209788464653,28,25.0,2.2,0.735,48
344,Samples/s,2,NVIDIA L40,Intel(R) Xeon(R) Gold 6330N CPU @ 2.20GHz,bert-99,5.716643172302396,28,110.0,2.2,0.735,48
345,Samples/s,2,NVIDIA L40,Intel(R) Xeon(R) Gold 6330N CPU @ 2.20GHz,resnet,6.115497458502661,28,25.0,2.2,0.735,48
346,Samples/s,2,NVIDIA L40,Intel(R) Xeon(R) Gold 6330N CPU @ 2.20GHz,rnnt,6.16934336758142,28,50.0,2.2,0.735,48
347,Samples/s,1,NVIDIA Jetson AGX Orin 64G,12-core ARM Cortex-A78AE CPU,gptj-99,5.643230558759388,12,6000.0,3.0,0.625,64
348,Samples/s,1,NVIDIA Jetson AGX Orin 64G,12-core ARM Cortex-A78AE CPU,gptj-99.9,4.830886504624661,12,6000.0,3.0,0.625,64
349,Samples/s,1,NVIDIA Jetson AGX Orin 64G,12-core ARM Cortex-A78AE CPU,stable-diffusion-xl,4.82101000984478,12,2600.0,3.0,0.625,64
350,Samples/s,2,QUALCOMM Cloud AI 100 Ultra,AMD EPYC 7282 16-Core Processor,bert-99,4.704788516119928,16,110.0,2.8,2.0,128
351,Samples/s,2,QUALCOMM Cloud AI 100 Ultra,AMD EPYC 7282 16-Core Processor,resnet,5.331265388985888,16,25.0,2.8,2.0,128
